brief_id,audience,campaign_goal,product_offer,tone,primary_text,headline,description,cta_button,weighted_score,clarity,value_prop,cta_strength,brand_voice,emotional_resonance,iterations_used,best_iteration,total_cost_usd,quality_per_dollar,image_path,image_score
r39182_001,parents,awareness,Free SAT diagnostic assessment,empowering,"What if your child misses their dream school by just 50 points?

Most students plateau because generic books can't fix their specific gaps. We’ve helped 50,000+ students break through with 1-on-1 tutoring that targets their unique needs for an average 200-point boost.

Claim your free 15-minute diagnostic today to see exactly where they stand before the March SAT registration deadline. 

See your child's potential.",Free SAT Diagnostic: Map Their 1500+ Path,"Join 50,000+ parents using expert 1-on-1 prep to secure top-tier college futures.",Get Started Free,8.02,8.5,8.2,7.5,7.8,8.0,2,2,0.005498,1458.71,,
r39182_002,students,awareness,Free SAT diagnostic assessment,urgent,"Your SAT score doesn't define you — but the right prep can open doors you didn't know existed.

Stop staring at reading passages you don't understand. 50,000+ students have used our 1-on-1 expert tutoring to jump an average of 200 points.

Trade test anxiety for a clear roadmap. Claim your free diagnostic today to see exactly where you stand.",See Your 200-Point Score Potential,"Join 50,000+ students who stopped guessing and started scoring higher. Limited sessions available.",Get Started Free,7.63,8.5,8.2,7.0,7.5,6.8,2,2,0.005359,1423.77,,
r39182_003,families,awareness,Free SAT diagnostic assessment,empathetic,"Stop paying for $2,000 SAT 'bootcamps' that treat your child like a number.

Most programs use a one-size-fits-all curriculum that ignores where your student actually struggles. Our AI-driven diagnostic pinpoints their exact gaps in just 30 minutes, replacing generic videos with 1-on-1 expert attention.

We’ve helped 50,000+ students turn 'I’m stuck' into 'I got in' with an average 200-point score improvement. 

Book your free diagnostic this week to get your personalized score roadmap.",Free SAT Diagnostic: Get Your Score Plan,"Join 50,000+ students who traded generic prep for 1-on-1 results. Claim your spot today.",Book a Free Diagnostic,7.86,8.5,8.2,7.5,7.0,7.8,2,2,0.005603,1402.82,,
r39182_004,parents,conversion,Free SAT diagnostic assessment,confident,"What if your child misses their dream school by just 50 points? 

With the March SAT fast approaching, most parents are stuck between expensive books that stay closed and generic classes that don't work. We've helped 50,000+ students find a better way.

Our students see an average 200-point improvement because we skip the pre-recorded videos and focus on 1-on-1 expert attention. It starts with knowing exactly where they stand.

Claim your free diagnostic assessment today.",Average 200-Point SAT Score Improvement,"Join 50,000+ students who mastered the SAT with 1-on-1 expert tutoring.",Get Started Free,7.74,8.5,8.2,6.5,7.5,7.8,2,1,0.005308,1458.18,,
r39182_005,students,conversion,Free SAT diagnostic assessment,aspirational,"From 'I'm not a good test taker' to 'I just got into my dream school.' — that’s the power of a 200-point jump.

Stop guessing which math formulas to memorize or staring at prep books that make no sense. We match you with an expert tutor who actually gets how you learn.

Over 50,000 students have traded test anxiety for total confidence. Start with a free diagnostic to see exactly where you stand and how to bridge the gap.",Boost Your SAT Score By 200+ Points,"Join 50,000+ students who stopped guessing and started scoring higher with expert 1-on-1 prep.",Book a Free Diagnostic,7.63,8.5,7.5,6.5,8.0,7.8,2,1,0.005372,1420.33,,
r39182_006,families,conversion,Free SAT diagnostic assessment,empowering,"Stop paying for $2,000 SAT bootcamps where your child is just another face in a crowded Zoom room.

Most programs ignore your student's specific gaps. Our 1-on-1 expert tutors use personalized, AI-powered diagnostics to find hidden knowledge gaps and build a plan that actually sticks.

With an average 200-point improvement and 50,000+ success stories, we replace test-day anxiety with the confidence to get into their dream school. Claim your free assessment before your next practice test.

Book your free diagnostic session below.",Average 200-Point SAT Score Increase,"Join 50,000+ students who ditched generic prep for a personalized 1-on-1 plan.",Get Started,7.74,8.5,8.2,6.5,7.5,7.8,2,2,0.005464,1416.54,,
r39182_007,parents,awareness,1-on-1 SAT tutoring sessions,urgent,"What if your child misses their dream school by just 50 points?

That gap is often the difference between an acceptance letter and a waitlist. Our AI-driven diagnostics and 1-on-1 expert tutors have helped 50,000+ students achieve a 200+ point average improvement.

""My daughter went from a 1050 to a 1410 in 8 weeks,"" says one parent. Top-tier tutors for the next test date are booking up fast.

Claim your personalized roadmap today.",Average 200-Point SAT Score Boost,"Join 50,000+ students who mastered the SAT with 1-on-1 expert instruction.",Get Started,7.83,8.5,8.0,6.5,7.5,8.5,2,2,0.005331,1468.77,,
r39182_008,students,awareness,1-on-1 SAT tutoring sessions,empathetic,"From 'I'm not a good test-taker' to 'I just got into my dream school.' — that’s the relief of having a top-tier expert in your corner.

Stop drowning in 500-page prep books. Our certified 1-on-1 tutors help you crush test anxiety by focusing only on the high-scoring shortcuts you actually need.

50,000+ students have used Varsity Tutors to jump an average of 200+ points. Spots for our elite SAT specialists are filling fast for the upcoming test date.

Claim your diagnostic session today and see your score jump.",Average 200-Point SAT Score Increase,"Join 50,000+ students who simplified the SAT with 1-on-1 expert tutoring.",Get Started Free,8.02,8.5,8.2,7.5,7.8,8.0,2,2,0.005552,1444.52,,
r39182_009,families,awareness,1-on-1 SAT tutoring sessions,confident,"Stop paying for generic SAT prep books and pre-recorded videos your child will never finish.

Watching your child struggle with test anxiety is exhausting. We replace that stress with the confidence that comes from 1-on-1 expert tutoring tailored to their specific gaps.

With an average 200-point improvement and 50,000+ students helped, we turn college dreams into realities. See your child’s relief when the material finally clicks.

Book your free diagnostic session for this week’s availability.",Average 200-Point SAT Score Increase,"Join 50,000+ students who replaced test stress with proven 1-on-1 expert tutoring.",Book a Free Session,7.83,8.5,8.0,6.5,7.5,8.5,2,2,0.005452,1436.17,,
r39182_010,parents,conversion,1-on-1 SAT tutoring sessions,aspirational,"What if your child misses their dream school by just 50 points?

We’ve helped 50,000+ students replace test-day anxiety with the confidence of a 200+ point average score improvement. Unlike pre-recorded videos, our 1-on-1 expert tutors build a custom roadmap around your child’s specific goals.

Give them the expert guidance they need to turn applications into acceptances. Only 12 spots remain for this month's tutoring cohort.",Average 200-Point SAT Score Increase,Claim your free diagnostic session before our monthly tutoring cohort reaches capacity.,Book a Free Session,7.86,8.5,8.2,7.5,7.0,7.8,2,2,0.005333,1473.84,,
r39182_011,students,conversion,1-on-1 SAT tutoring sessions,empowering,"From 'I’m not a good test taker' to a 1450.

Stop staring at that 150-page prep book. We match you with an expert tutor who builds an adaptive game plan around your schedule—turning test anxiety into total confidence in as little as 8 weeks.

Our students see an average 200-point improvement by focusing on the 20% of material that actually drives your score. Expert tutors for the upcoming test dates are booking up fast.

Claim your free diagnostic to see your score potential.",Average 200-Point SAT Score Improvement,"Join 50,000+ students who traded test stress for their dream college acceptance letter.",Get Started Free,7.75,8.5,8.0,7.5,7.0,7.5,2,2,0.005538,1399.42,,
r39182_012,families,conversion,1-on-1 SAT tutoring sessions,urgent,"Stop paying for $2,000 SAT 'bootcamps' where your child is just another face in a crowded Zoom room.

Your student deserves a mentor who actually believes in them—not a pre-recorded video. We provide 1-on-1 expert tutoring that builds the confidence they need to walk into test day without the anxiety. 

Join 50,000+ families who traded cookie-cutter prep for a 200-point average improvement. Claim your free diagnostic before the next test date fills up.",Average 200-Point SAT Score Increase,Give your child the 1-on-1 confidence boost they deserve. Claim your free spot today.,Book a Free Session,7.95,8.5,8.0,7.5,7.0,8.5,2,2,0.005488,1448.62,,
r39182_013,parents,awareness,SAT prep free trial,empathetic,"What if your child misses their dream school by just 50 points?

We’ve helped 50,000+ students turn test anxiety into 200+ point score improvements with 1-on-1 expert tutoring.

No pre-recorded videos or generic workbooks—just a personalized plan that fits your family's busy schedule.

Claim your free trial session this week and start your score boost today.",Average 200-Point SAT Score Improvement,"Join 50,000+ parents who trust our expert tutors to unlock dream college doors.",Get Started Free,7.78,8.5,8.2,6.5,7.5,8.0,2,2,0.00521,1493.28,,
r39182_014,students,awareness,SAT prep free trial,confident,"From ""I’m just not a good test taker"" to getting into your dream school.

Stop grinding through prep books that don't explain the 'why' behind your mistakes. Our tutors act as mentors, helping you master the SAT with 1-on-1 strategies that actually stick.

Join 50,000+ students who raised their scores by an average of 200 points. Get the confidence to crush test day without the burnout. 

Limited slots available this week—claim your free session below.",Average 200+ Point SAT Score Increase,"Join 50,000+ students who traded test anxiety for dream school acceptances.",Book a Free Session,7.86,8.5,8.2,7.5,7.0,7.8,2,2,0.00538,1460.97,,
r39182_015,families,awareness,SAT prep free trial,aspirational,"Stop paying for $2,000 SAT bootcamps where your child is just another face in a crowded Zoom room.

Generic videos leave students stressed and stuck. Our 1-on-1 expert tutors focus only on the specific gaps holding your child back, leading to an average 200+ point improvement and the confidence to ace test day.

50,000+ families have already ditched the big-box prep companies. We only have 12 trial spots left for this month’s intake.

Claim your free trial session before Friday to lock in this season's pricing.",Average 200+ Point SAT Score Increase,"Join 50,000+ families who chose 1-on-1 expert attention over generic prep books.",Start Your Free Trial,7.86,8.5,8.2,7.5,7.0,7.8,2,2,0.005457,1440.35,,
r39182_016,parents,conversion,SAT prep free trial,empowering,"What if your child misses their dream school by just 50 points?

We’ve helped 50,000+ students stop guessing and start scoring. Our students see an average 200-point SAT improvement because we use expert human tutors who actually 'get' your kid.

From 'I can't do this' to 'I'm ready.' Claim your free trial before the next testing cycle.",Average 200-Point SAT Score Increase,Get your personalized study plan and expert 1-on-1 tutoring. Claim your spot today.,Start Your Free Trial,7.78,8.5,8.2,6.5,7.5,8.0,2,2,0.005159,1508.04,,
r39182_017,students,conversion,SAT prep free trial,urgent,"From 'I’m not a math person' to a 1450 on my SAT.

Stop staring at prep books that don't make sense. We’ve helped 50,000+ students ditch the test anxiety with 1-on-1 tutors who actually explain the 'why' behind the trick questions.

Our students see an average 200-point jump by focusing on exactly what they need. Start your free trial before your next practice test and see your score climb.",Average 200-Point SAT Score Jump,"Join 50,000+ students who traded test anxiety for dream school acceptance letters.",Start Your Free Trial,8.09,9.2,8.5,6.8,7.5,8.2,2,2,0.005488,1474.13,,
r39182_018,families,conversion,SAT prep free trial,empathetic,"Stop paying $2,000 for 'one-size-fits-all' SAT classes that leave your child lost in the back of the room.

Most prep programs treat every student the same, but a 100-point gap in Math requires a different strategy than a gap in Reading. We skip the generic lectures and focus only on the specific concepts your child hasn't mastered yet.

With a 200-point average score improvement and 50,000+ students helped, we’ve proven that 1-on-1 attention beats a crowded classroom every time. See the difference a personalized plan makes before you commit.

Claim your free trial session today.",Average 200-Point SAT Score Improvement,"Join 50,000+ students who ditched generic prep for 1-on-1 expert tutoring.",Start Your Free Trial,8.08,8.5,8.8,7.5,7.2,8.0,2,1,0.005604,1441.83,,
r39182_019,parents,awareness,Personalized SAT study plan,confident,"What if your child misses their dream school by just 50 points?

Most students get stuck in group classes where they’re just another face in the crowd. Our 1-on-1 expert tutors focus only on your child’s specific gaps to replace test-day anxiety with quiet confidence.

With an average 200-point improvement, we’ve helped 50,000+ students turn 'maybe' into an acceptance letter. 

Get your custom SAT roadmap for free before the next test cycle begins.",Average 200-Point SAT Score Improvement,"Join 50,000+ families who trusted our 1-on-1 expert SAT prep. Claim your roadmap.",Book a Free Session,7.83,8.5,8.0,6.5,7.5,8.5,2,2,0.005446,1437.75,,
r39182_020,students,awareness,Personalized SAT study plan,aspirational,"Stop scrolling through TikTok and start seeing your SAT score climb. 📈

My practice tests were stuck at 1100 and I was spiraling. Two months later, I’m looking at a 1350 and my dream school is actually on the table.

No boring lectures or generic workbooks. Just 1-on-1 prep that actually clicks and a plan built for how you learn. 

See how much you can improve with a personalized study plan.",Average 200-Point SAT Score Improvement,"Over 50,000 students have traded test anxiety for total confidence. Start practicing free.",Get Started Free,7.63,8.5,7.8,6.5,7.2,8.0,2,1,0.005393,1414.8,,
r39182_021,families,awareness,Personalized SAT study plan,empowering,"Stop paying for $2,000 SAT 'bootcamps' where your child is just another face in a Zoom grid. 

Generic prep books and pre-recorded videos can only take a score so far. Real improvement happens when the curriculum adapts to your student—not the other way around.

Varsity Tutors provides 1-on-1 expert instruction that has helped over 50,000 students see an average 200-point score increase. It’s the personalized approach Khan Academy can't provide and the individual attention Kaplan can’t scale.

See the difference a tutor who 'gets' them can make with a risk-free trial.",Average 200-Point SAT Score Improvement,"Join 50,000+ students who ditched cookie-cutter prep for personalized 1-on-1 tutoring.",Start Your Free Trial,8.07,8.5,8.8,7.2,7.5,8.0,2,1,0.005535,1457.99,,
r39182_022,parents,conversion,Personalized SAT study plan,urgent,"What if your child misses their dream school by just 50 points? 

Watching your junior struggle with SAT prep is stressful, but they don't have to do it alone. We’ve helped 50,000+ students achieve an average 200-point score improvement through 1-on-1 expert tutoring tailored to how they actually learn.

Unlock your child's full potential and give them the confidence to ace test day. We have limited consultation spots available this week—claim yours now.

Book your free diagnostic session below.",Average 200+ Point SAT Score Increase,"Join 50,000+ families who trusted our 1-on-1 expert tutors for college success.",Get Started Free,7.86,8.5,8.2,7.5,7.0,7.8,2,2,0.005423,1449.38,,
r39182_023,students,conversion,Personalized SAT study plan,empathetic,"Your SAT score doesn't define you—but the right prep can open doors you didn't know existed. Stop staring at 500-page prep books and start with an adaptive plan built for your brain. We’ve helped 50,000+ students turn 'I can't do this' into dream school acceptance letters. Get the 1-on-1 attention you need to walk into test day with total confidence. Claim your free diagnostic session today.",Average 200+ Point SAT Score Improvement,"Join 50,000+ students who replaced test anxiety with a proven, AI-driven study plan.",Get Started Free,7.68,8.5,7.8,6.5,8.2,7.5,2,2,0.005207,1474.94,,
r39182_024,families,conversion,Personalized SAT study plan,confident,"Stop paying $2,000 for 'elite' SAT classes where your child is just one of 30 faces on a screen.

Generic books don't fix specific weaknesses—expert tutors do. That’s how 50,000+ students achieved an average 200-point score increase and the confidence to ace test day.

""My daughter finally 'gets it' after just two sessions,"" says one relieved parent. Get a plan tailored to your child's exact goals before the next test date.

Claim your free personalized session this week.",Average 200-Point SAT Score Increase,"Limited spots available for this month's cohort. Join 50,000+ successful students.",Get Started Free,7.89,8.5,8.0,7.5,7.0,8.2,2,2,0.005526,1427.8,,
r39182_025,parents,awareness,SAT score improvement guarantee program,aspirational,"What if your child misses their dream school by just 30 points?

College admissions are more competitive than ever, but the right prep changes everything. We’ve helped 50,000+ students replace test-day anxiety with the confidence to achieve an average 200-point SAT score improvement.

Your student deserves a 1-on-1 expert who adapts to their learning style and eases the stress of prep. Claim one of our remaining spots for the upcoming test date.

Book your free consultation today.",Boost Your SAT Score by 200+ Points,"Join 50,000+ families who trusted our expert tutors to unlock dream college doors.",Book Now,7.78,8.5,8.2,6.5,7.5,8.0,2,2,0.005353,1453.39,,
